-- phpMyAdmin SQL Dump
-- version 4.8.3
-- https://www.phpmyadmin.net/
--
-- Host: localhost:3306
-- Generation Time: Mar 31, 2020 at 05:53 AM
-- Server version: 5.6.41-84.1-log
-- PHP Version: 7.2.7

SET SQL_MODE = "NO_AUTO_VALUE_ON_ZERO";
SET AUTOCOMMIT = 0;
START TRANSACTION;
SET time_zone = "+00:00";


/*!40101 SET @OLD_CHARACTER_SET_CLIENT=@@CHARACTER_SET_CLIENT */;
/*!40101 SET @OLD_CHARACTER_SET_RESULTS=@@CHARACTER_SET_RESULTS */;
/*!40101 SET @OLD_COLLATION_CONNECTION=@@COLLATION_CONNECTION */;
/*!40101 SET NAMES utf8mb4 */;

--
-- Database: `fatnejjj_janatapass`
--

-- --------------------------------------------------------

--
-- Table structure for table `approver_details`
--

CREATE TABLE `approver_details` (
  `id` int(11) NOT NULL,
  `user_id` int(10) NOT NULL,
  `user_type_id` int(10) NOT NULL,
  `approver_mobile` varchar(255) NOT NULL,
  `org_name` varchar(255) NOT NULL,
  `org_type` text NOT NULL,
  `org_location` varchar(255) NOT NULL,
  `org_email` varchar(255) NOT NULL,
  `org_proof` blob NOT NULL,
  `green_pass_count` int(10) NOT NULL,
  `yellow_pass_count` int(10) NOT NULL,
  `service_id` int(10) NOT NULL,
  `status` tinyint(1) NOT NULL,
  `is_active` tinyint(1) NOT NULL,
  `cby` int(10) NOT NULL,
  `cdate` timestamp NOT NULL DEFAULT CURRENT_TIMESTAMP ON UPDATE CURRENT_TIMESTAMP,
  `mby` int(10) NOT NULL,
  `mdate` timestamp NOT NULL DEFAULT '0000-00-00 00:00:00'
) ENGINE=MyISAM DEFAULT CHARSET=latin1;

--
-- Dumping data for table `approver_details`
--

INSERT INTO `approver_details` (`id`, `user_id`, `user_type_id`, `approver_mobile`, `org_name`, `org_type`, `org_location`, `org_email`, `org_proof`, `green_pass_count`, `yellow_pass_count`, `service_id`, `status`, `is_active`, `cby`, `cdate`, `mby`, `mdate`) VALUES
(1, 0, 1, '9538131314', 'test', 'type', 'location', 'test@test.com', '', 1, 2, 0, 1, 1, 1, '2020-03-28 10:43:51', 1, '2020-03-28 12:28:14'),
(14, 0, 1, '9538131313', 'org name', 'org type', 'org loc', 'test@test.com', '', 1, 1, 0, 1, 1, 1, '2020-03-30 10:08:09', 1, '2020-03-28 02:28:07'),
(40, 0, 1, '9538131300', 'testing company', 'BD Client', 'city changed', 'bdclient@test.com', '', 1, 1, 0, 1, 1, 1, '2020-03-28 16:14:55', 1, '2020-03-28 09:28:44'),
(41, 0, 1, '9538131319', 'New Company Test', 'New Company Test', 'city changed', 'test@test.com', '', 1, 1, 0, 1, 1, 1, '2020-03-28 16:17:36', 1, '2020-03-28 09:28:47'),
(42, 0, 1, '9841696555', 'Red ant media', 'IT', 'Kotturpuram', 'manu@redantmedia.co.in', '', 5, 4, 0, 1, 1, 1, '2020-03-28 16:56:00', 1, '2020-03-28 10:28:25'),
(43, 0, 1, '8220990313', 'Test', 'Test', 'tiruchirappalli', 'test@gmail.com', '', 1, 2, 0, 1, 1, 1, '2020-03-29 03:47:15', 1, '2020-03-29 09:29:16');

-- --------------------------------------------------------

--
-- Table structure for table `approver_pass_details`
--

CREATE TABLE `approver_pass_details` (
  `id` int(10) NOT NULL,
  `approver_id` int(11) NOT NULL,
  `assigned_user_id` int(10) NOT NULL,
  `pass_type` enum('G','Y','P') NOT NULL COMMENT 'G-Green, Y-Yellow, P-Pink',
  `qr_code` text NOT NULL,
  `pass_status` enum('O','A') NOT NULL COMMENT 'O- Open, A- Assigned',
  `is_active` tinyint(1) NOT NULL,
  `cby` int(10) NOT NULL,
  `cdate` timestamp NOT NULL DEFAULT CURRENT_TIMESTAMP ON UPDATE CURRENT_TIMESTAMP,
  `mby` int(10) NOT NULL,
  `mdate` timestamp NOT NULL DEFAULT '0000-00-00 00:00:00'
) ENGINE=MyISAM DEFAULT CHARSET=latin1;

--
-- Dumping data for table `approver_pass_details`
--

INSERT INTO `approver_pass_details` (`id`, `approver_id`, `assigned_user_id`, `pass_type`, `qr_code`, `pass_status`, `is_active`, `cby`, `cdate`, `mby`, `mdate`) VALUES
(1, 1, 37, 'G', 'e0c67', 'A', 1, 1, '2020-03-30 05:32:53', 1, '2020-03-28 03:28:43'),
(2, 1, 39, 'Y', 'd38a8', 'A', 1, 1, '2020-03-30 08:18:09', 1, '2020-03-28 03:28:43'),
(3, 1, 0, 'Y', '8ce81', 'O', 1, 1, '2020-03-28 03:28:43', 1, '2020-03-28 03:28:43'),
(4, 13, 0, 'G', '4caa9', 'O', 1, 1, '2020-03-28 04:28:15', 1, '2020-03-28 04:28:15'),
(5, 13, 0, 'Y', '26593', 'O', 1, 1, '2020-03-28 04:28:15', 1, '2020-03-28 04:28:15'),
(6, 14, 31, 'G', '36f5f', 'A', 1, 1, '2020-03-29 19:24:32', 1, '2020-03-28 04:28:18'),
(7, 14, 30, 'G', '47b11', 'A', 1, 1, '2020-03-29 19:22:07', 1, '2020-03-28 04:28:18'),
(8, 13, 0, 'Y', '24960', 'O', 1, 1, '2020-03-29 19:19:09', 1, '2020-03-28 04:28:18'),
(9, 14, 34, 'Y', '5bf70', 'A', 1, 1, '2020-03-29 19:25:44', 1, '2020-03-28 04:28:18'),
(10, 14, 0, 'G', 'c6a3f', 'O', 1, 1, '2020-03-28 04:28:19', 1, '2020-03-28 04:28:19'),
(11, 14, 0, 'G', '1eacb', 'O', 1, 1, '2020-03-28 04:28:19', 1, '2020-03-28 04:28:19'),
(12, 14, 0, 'Y', '3e8dd', 'O', 1, 1, '2020-03-28 04:28:19', 1, '2020-03-28 04:28:19'),
(13, 14, 0, 'Y', '19bc7', 'O', 1, 1, '2020-03-28 04:28:19', 1, '2020-03-28 04:28:19'),
(14, 14, 0, 'G', '70a0e', 'O', 1, 1, '2020-03-28 04:28:21', 1, '2020-03-28 04:28:21'),
(15, 14, 0, 'G', '2856c', 'O', 1, 1, '2020-03-28 04:28:21', 1, '2020-03-28 04:28:21'),
(16, 14, 0, 'Y', '2e508', 'O', 1, 1, '2020-03-28 04:28:21', 1, '2020-03-28 04:28:21'),
(17, 14, 0, 'Y', '37ae1', 'O', 1, 1, '2020-03-28 04:28:21', 1, '2020-03-28 04:28:21'),
(18, 15, 0, 'G', '316bb', 'O', 1, 1, '2020-03-28 04:28:23', 1, '2020-03-28 04:28:23'),
(19, 15, 0, 'G', '8549c', 'O', 1, 1, '2020-03-28 04:28:23', 1, '2020-03-28 04:28:23'),
(20, 15, 0, 'Y', '57d7e', 'O', 1, 1, '2020-03-28 04:28:23', 1, '2020-03-28 04:28:23'),
(21, 16, 0, 'G', '86827', 'O', 1, 1, '2020-03-28 04:28:24', 1, '2020-03-28 04:28:24'),
(22, 16, 0, 'G', '8960d', 'O', 1, 1, '2020-03-28 04:28:24', 1, '2020-03-28 04:28:24'),
(23, 16, 0, 'G', '28d18', 'O', 1, 1, '2020-03-28 04:28:24', 1, '2020-03-28 04:28:24'),
(24, 16, 0, 'G', 'b447d', 'O', 1, 1, '2020-03-28 04:28:24', 1, '2020-03-28 04:28:24'),
(25, 16, 0, 'Y', '56ed9', 'O', 1, 1, '2020-03-28 04:28:24', 1, '2020-03-28 04:28:24'),
(26, 16, 0, 'Y', 'c6d76', 'O', 1, 1, '2020-03-28 04:28:24', 1, '2020-03-28 04:28:24'),
(27, 16, 0, 'Y', 'ff59f', 'O', 1, 1, '2020-03-28 04:28:24', 1, '2020-03-28 04:28:24'),
(28, 17, 0, 'G', 'abde6', 'O', 1, 1, '2020-03-28 04:28:38', 1, '2020-03-28 04:28:38'),
(29, 17, 0, 'G', 'a8b8f', 'O', 1, 1, '2020-03-28 04:28:38', 1, '2020-03-28 04:28:38'),
(30, 17, 0, 'G', 'ecf51', 'O', 1, 1, '2020-03-28 04:28:38', 1, '2020-03-28 04:28:38'),
(31, 17, 0, 'G', 'caefb', 'O', 1, 1, '2020-03-28 04:28:38', 1, '2020-03-28 04:28:38'),
(32, 17, 0, 'G', 'ad73d', 'O', 1, 1, '2020-03-28 04:28:38', 1, '2020-03-28 04:28:38'),
(33, 17, 0, 'G', 'f47ca', 'O', 1, 1, '2020-03-28 04:28:38', 1, '2020-03-28 04:28:38'),
(34, 17, 0, 'G', 'e8012', 'O', 1, 1, '2020-03-28 04:28:38', 1, '2020-03-28 04:28:38'),
(35, 17, 0, 'G', '363a4', 'O', 1, 1, '2020-03-28 04:28:38', 1, '2020-03-28 04:28:38'),
(36, 17, 0, 'G', '03f91', 'O', 1, 1, '2020-03-28 04:28:38', 1, '2020-03-28 04:28:38'),
(37, 17, 0, 'G', '38fda', 'O', 1, 1, '2020-03-28 04:28:38', 1, '2020-03-28 04:28:38'),
(38, 17, 0, 'G', '0b0c6', 'O', 1, 1, '2020-03-28 04:28:38', 1, '2020-03-28 04:28:38'),
(39, 17, 0, 'G', 'b2d99', 'O', 1, 1, '2020-03-28 04:28:38', 1, '2020-03-28 04:28:38'),
(40, 17, 0, 'Y', 'd28b1', 'O', 1, 1, '2020-03-28 04:28:38', 1, '2020-03-28 04:28:38'),
(41, 17, 0, 'Y', '390e3', 'O', 1, 1, '2020-03-28 04:28:38', 1, '2020-03-28 04:28:38'),
(42, 17, 0, 'Y', '32aeb', 'O', 1, 1, '2020-03-28 04:28:38', 1, '2020-03-28 04:28:38'),
(43, 17, 0, 'Y', 'c71d7', 'O', 1, 1, '2020-03-28 04:28:38', 1, '2020-03-28 04:28:38'),
(44, 17, 0, 'Y', '724b2', 'O', 1, 1, '2020-03-28 04:28:38', 1, '2020-03-28 04:28:38'),
(45, 17, 0, 'Y', '22ec5', 'O', 1, 1, '2020-03-28 04:28:38', 1, '2020-03-28 04:28:38'),
(46, 17, 0, 'Y', 'a5e63', 'O', 1, 1, '2020-03-28 04:28:38', 1, '2020-03-28 04:28:38'),
(47, 17, 0, 'Y', 'b625a', 'O', 1, 1, '2020-03-28 04:28:38', 1, '2020-03-28 04:28:38'),
(48, 17, 0, 'Y', '355e5', 'O', 1, 1, '2020-03-28 04:28:38', 1, '2020-03-28 04:28:38'),
(49, 17, 0, 'Y', '19f91', 'O', 1, 1, '2020-03-28 04:28:38', 1, '2020-03-28 04:28:38'),
(50, 17, 0, 'Y', '0fbbe', 'O', 1, 1, '2020-03-28 04:28:38', 1, '2020-03-28 04:28:38'),
(51, 17, 0, 'Y', '9fcfc', 'O', 1, 1, '2020-03-28 04:28:38', 1, '2020-03-28 04:28:38'),
(52, 18, 0, 'G', 'b5eb4', 'O', 1, 1, '2020-03-28 04:28:40', 1, '2020-03-28 04:28:40'),
(53, 18, 0, 'Y', 'e2d12', 'O', 1, 1, '2020-03-28 04:28:40', 1, '2020-03-28 04:28:40'),
(54, 21, 0, 'G', '14c87', 'O', 1, 1, '2020-03-28 04:28:48', 1, '2020-03-28 04:28:48'),
(55, 21, 0, 'G', '28204', 'O', 1, 1, '2020-03-28 04:28:48', 1, '2020-03-28 04:28:48'),
(56, 21, 0, 'G', '73848', 'O', 1, 1, '2020-03-28 04:28:48', 1, '2020-03-28 04:28:48'),
(57, 21, 0, 'G', '1c4b8', 'O', 1, 1, '2020-03-28 04:28:48', 1, '2020-03-28 04:28:48'),
(58, 21, 0, 'G', '0dbb8', 'O', 1, 1, '2020-03-28 04:28:48', 1, '2020-03-28 04:28:48'),
(59, 21, 0, 'G', 'fd544', 'O', 1, 1, '2020-03-28 04:28:48', 1, '2020-03-28 04:28:48'),
(60, 21, 0, 'G', 'b7022', 'O', 1, 1, '2020-03-28 04:28:48', 1, '2020-03-28 04:28:48'),
(61, 21, 0, 'G', 'f86b3', 'O', 1, 1, '2020-03-28 04:28:48', 1, '2020-03-28 04:28:48'),
(62, 21, 0, 'G', 'e0395', 'O', 1, 1, '2020-03-28 04:28:48', 1, '2020-03-28 04:28:48'),
(63, 21, 0, 'G', 'ec519', 'O', 1, 1, '2020-03-28 04:28:48', 1, '2020-03-28 04:28:48'),
(64, 21, 0, 'G', '0192d', 'O', 1, 1, '2020-03-28 04:28:48', 1, '2020-03-28 04:28:48'),
(65, 21, 0, 'G', '76cda', 'O', 1, 1, '2020-03-28 04:28:48', 1, '2020-03-28 04:28:48'),
(66, 21, 0, 'Y', '7316a', 'O', 1, 1, '2020-03-28 04:28:48', 1, '2020-03-28 04:28:48'),
(67, 21, 0, 'Y', 'e3072', 'O', 1, 1, '2020-03-28 04:28:48', 1, '2020-03-28 04:28:48'),
(68, 21, 0, 'Y', '63dfc', 'O', 1, 1, '2020-03-28 04:28:48', 1, '2020-03-28 04:28:48'),
(69, 21, 0, 'Y', '2cdb2', 'O', 1, 1, '2020-03-28 04:28:48', 1, '2020-03-28 04:28:48'),
(70, 21, 0, 'Y', 'e3b67', 'O', 1, 1, '2020-03-28 04:28:48', 1, '2020-03-28 04:28:48'),
(71, 21, 0, 'Y', '61942', 'O', 1, 1, '2020-03-28 04:28:48', 1, '2020-03-28 04:28:48'),
(72, 21, 0, 'Y', '33375', 'O', 1, 1, '2020-03-28 04:28:48', 1, '2020-03-28 04:28:48'),
(73, 21, 0, 'Y', '36960', 'O', 1, 1, '2020-03-28 04:28:48', 1, '2020-03-28 04:28:48'),
(74, 21, 0, 'Y', 'a6d88', 'O', 1, 1, '2020-03-28 04:28:48', 1, '2020-03-28 04:28:48'),
(75, 21, 0, 'Y', '90183', 'O', 1, 1, '2020-03-28 04:28:48', 1, '2020-03-28 04:28:48'),
(76, 21, 0, 'Y', 'a891c', 'O', 1, 1, '2020-03-28 04:28:48', 1, '2020-03-28 04:28:48'),
(77, 21, 0, 'Y', '9f539', 'O', 1, 1, '2020-03-28 04:28:48', 1, '2020-03-28 04:28:48'),
(78, 23, 0, 'G', '25844', 'O', 1, 1, '2020-03-28 04:28:48', 1, '2020-03-28 04:28:48'),
(79, 23, 0, 'G', '3517e', 'O', 1, 1, '2020-03-28 04:28:48', 1, '2020-03-28 04:28:48'),
(80, 23, 0, 'G', '3af30', 'O', 1, 1, '2020-03-28 04:28:48', 1, '2020-03-28 04:28:48'),
(81, 23, 0, 'Y', 'f00b5', 'O', 1, 1, '2020-03-28 04:28:48', 1, '2020-03-28 04:28:48'),
(82, 23, 0, 'Y', 'b0b41', 'O', 1, 1, '2020-03-28 04:28:48', 1, '2020-03-28 04:28:48'),
(83, 23, 0, 'Y', '5ea72', 'O', 1, 1, '2020-03-28 04:28:48', 1, '2020-03-28 04:28:48'),
(84, 23, 0, 'Y', '857ef', 'O', 1, 1, '2020-03-28 04:28:48', 1, '2020-03-28 04:28:48'),
(85, 24, 0, 'G', 'afe9f', 'O', 1, 1, '2020-03-28 04:28:59', 1, '2020-03-28 04:28:59'),
(86, 24, 0, 'Y', '933ef', 'O', 1, 1, '2020-03-28 04:28:59', 1, '2020-03-28 04:28:59'),
(87, 25, 0, 'G', '656fa', 'O', 1, 1, '2020-03-28 05:28:08', 1, '2020-03-28 05:28:08'),
(88, 25, 0, 'G', '35eb5', 'O', 1, 1, '2020-03-28 05:28:08', 1, '2020-03-28 05:28:08'),
(89, 25, 0, 'Y', '11d4d', 'O', 1, 1, '2020-03-28 05:28:08', 1, '2020-03-28 05:28:08'),
(90, 25, 0, 'Y', '96bc7', 'O', 1, 1, '2020-03-28 05:28:08', 1, '2020-03-28 05:28:08'),
(91, 26, 0, 'G', '47866', 'O', 1, 1, '2020-03-28 05:28:08', 1, '2020-03-28 05:28:08'),
(92, 26, 0, 'G', '445eb', 'O', 1, 1, '2020-03-28 05:28:08', 1, '2020-03-28 05:28:08'),
(93, 26, 0, 'Y', '2e087', 'O', 1, 1, '2020-03-28 05:28:08', 1, '2020-03-28 05:28:08'),
(94, 26, 0, 'Y', '189e9', 'O', 1, 1, '2020-03-28 05:28:08', 1, '2020-03-28 05:28:08'),
(95, 27, 0, 'G', 'b8801', 'O', 1, 1, '2020-03-28 05:28:25', 1, '2020-03-28 05:28:25'),
(96, 27, 0, 'Y', 'a4be0', 'O', 1, 1, '2020-03-28 05:28:25', 1, '2020-03-28 05:28:25'),
(97, 28, 0, 'G', '57340', 'O', 1, 1, '2020-03-28 05:28:27', 1, '2020-03-28 05:28:27'),
(98, 28, 0, 'Y', '1d84c', 'O', 1, 1, '2020-03-28 05:28:27', 1, '2020-03-28 05:28:27'),
(99, 30, 0, 'G', '085a8', 'O', 1, 1, '2020-03-28 05:28:29', 1, '2020-03-28 05:28:29'),
(100, 30, 0, 'G', '0da3c', 'O', 1, 1, '2020-03-28 05:28:29', 1, '2020-03-28 05:28:29'),
(101, 30, 0, 'G', '4cf9c', 'O', 1, 1, '2020-03-28 05:28:29', 1, '2020-03-28 05:28:29'),
(102, 30, 0, 'Y', 'fc2e3', 'O', 1, 1, '2020-03-28 05:28:29', 1, '2020-03-28 05:28:29'),
(103, 30, 0, 'Y', '3141b', 'O', 1, 1, '2020-03-28 05:28:29', 1, '2020-03-28 05:28:29'),
(104, 30, 0, 'Y', '0be48', 'O', 1, 1, '2020-03-28 05:28:29', 1, '2020-03-28 05:28:29'),
(105, 33, 0, 'G', '3105c', 'O', 1, 1, '2020-03-28 08:28:35', 1, '2020-03-28 08:28:35'),
(106, 33, 0, 'Y', '6e482', 'O', 1, 1, '2020-03-28 08:28:35', 1, '2020-03-28 08:28:35'),
(107, 33, 0, 'Y', '9fe9f', 'O', 1, 1, '2020-03-28 08:28:35', 1, '2020-03-28 08:28:35'),
(108, 33, 0, 'G', '0f6a3', 'O', 1, 1, '2020-03-28 08:28:36', 1, '2020-03-28 08:28:36'),
(109, 33, 0, 'Y', '5125c', 'O', 1, 1, '2020-03-28 08:28:36', 1, '2020-03-28 08:28:36'),
(110, 33, 0, 'Y', 'c2f9c', 'O', 1, 1, '2020-03-28 08:28:36', 1, '2020-03-28 08:28:36'),
(111, 34, 0, 'G', '961fa', 'O', 1, 1, '2020-03-28 08:28:45', 1, '2020-03-28 08:28:45'),
(112, 34, 0, 'Y', '4ebc1', 'O', 1, 1, '2020-03-28 08:28:45', 1, '2020-03-28 08:28:45'),
(113, 35, 0, 'G', '328f1', 'O', 1, 1, '2020-03-28 09:28:31', 1, '2020-03-28 09:28:31'),
(114, 35, 0, 'G', '64355', 'O', 1, 1, '2020-03-28 09:28:31', 1, '2020-03-28 09:28:31'),
(115, 35, 0, 'Y', 'd40a7', 'O', 1, 1, '2020-03-28 09:28:31', 1, '2020-03-28 09:28:31'),
(116, 35, 0, 'Y', 'c6040', 'O', 1, 1, '2020-03-28 09:28:31', 1, '2020-03-28 09:28:31'),
(117, 35, 0, 'G', 'bd990', 'O', 1, 1, '2020-03-28 09:28:32', 1, '2020-03-28 09:28:32'),
(118, 35, 0, 'G', 'af8e1', 'O', 1, 1, '2020-03-28 09:28:32', 1, '2020-03-28 09:28:32'),
(119, 35, 0, 'Y', 'ae909', 'O', 1, 1, '2020-03-28 09:28:32', 1, '2020-03-28 09:28:32'),
(120, 35, 0, 'Y', 'acae7', 'O', 1, 1, '2020-03-28 09:28:32', 1, '2020-03-28 09:28:32'),
(121, 36, 0, 'G', '03ed3', 'O', 1, 1, '2020-03-28 09:28:33', 1, '2020-03-28 09:28:33'),
(122, 36, 0, 'Y', '7991b', 'O', 1, 1, '2020-03-28 09:28:33', 1, '2020-03-28 09:28:33'),
(123, 37, 0, 'G', 'a7159', 'O', 1, 1, '2020-03-28 09:28:37', 1, '2020-03-28 09:28:37'),
(124, 37, 0, 'Y', '3317e', 'O', 1, 1, '2020-03-28 09:28:37', 1, '2020-03-28 09:28:37'),
(125, 38, 0, 'G', '32654', 'O', 1, 1, '2020-03-28 09:28:38', 1, '2020-03-28 09:28:38'),
(126, 38, 0, 'Y', '1107e', 'O', 1, 1, '2020-03-28 09:28:38', 1, '2020-03-28 09:28:38'),
(127, 38, 0, 'G', '23cca', 'O', 1, 1, '2020-03-28 09:28:38', 1, '2020-03-28 09:28:38'),
(128, 38, 0, 'Y', '45a3f', 'O', 1, 1, '2020-03-28 09:28:38', 1, '2020-03-28 09:28:38'),
(129, 39, 0, 'G', '417fe', 'O', 1, 1, '2020-03-28 09:28:41', 1, '2020-03-28 09:28:41'),
(130, 39, 0, 'Y', 'c56e7', 'O', 1, 1, '2020-03-28 09:28:41', 1, '2020-03-28 09:28:41'),
(131, 40, 0, 'G', '45681', 'O', 1, 1, '2020-03-28 09:28:44', 1, '2020-03-28 09:28:44'),
(132, 40, 0, 'Y', '73d8d', 'O', 1, 1, '2020-03-28 09:28:44', 1, '2020-03-28 09:28:44'),
(133, 41, 0, 'G', 'fcaa4', 'O', 1, 1, '2020-03-28 09:28:47', 1, '2020-03-28 09:28:47'),
(134, 41, 0, 'Y', 'e3ddb', 'O', 1, 1, '2020-03-28 09:28:47', 1, '2020-03-28 09:28:47'),
(135, 42, 0, 'G', 'e1ee8', 'O', 1, 1, '2020-03-28 10:28:26', 1, '2020-03-28 10:28:26'),
(136, 42, 0, 'G', '6e0f1', 'O', 1, 1, '2020-03-28 10:28:26', 1, '2020-03-28 10:28:26'),
(137, 42, 0, 'G', '871f8', 'O', 1, 1, '2020-03-28 10:28:26', 1, '2020-03-28 10:28:26'),
(138, 42, 0, 'G', '72018', 'O', 1, 1, '2020-03-28 10:28:26', 1, '2020-03-28 10:28:26'),
(139, 42, 0, 'G', 'cae8a', 'O', 1, 1, '2020-03-28 10:28:26', 1, '2020-03-28 10:28:26'),
(140, 42, 0, 'Y', '87899', 'O', 1, 1, '2020-03-28 10:28:26', 1, '2020-03-28 10:28:26'),
(141, 42, 0, 'Y', 'ba96d', 'O', 1, 1, '2020-03-28 10:28:26', 1, '2020-03-28 10:28:26'),
(142, 42, 0, 'Y', '3f663', 'O', 1, 1, '2020-03-28 10:28:26', 1, '2020-03-28 10:28:26'),
(143, 42, 0, 'Y', '74f85', 'O', 1, 1, '2020-03-28 10:28:26', 1, '2020-03-28 10:28:26'),
(144, 43, 0, 'G', '94651', 'O', 1, 1, '2020-03-29 09:29:17', 1, '2020-03-29 09:29:17'),
(145, 43, 0, 'Y', 'd5f38', 'O', 1, 1, '2020-03-29 09:29:17', 1, '2020-03-29 09:29:17'),
(146, 43, 0, 'Y', '0daae', 'O', 1, 1, '2020-03-29 09:29:17', 1, '2020-03-29 09:29:17'),
(147, 34, 0, 'G', 'fdbbb', 'O', 1, 1, '2020-03-30 03:30:23', 1, '2020-03-30 03:30:23'),
(148, 34, 0, 'G', '6a96a', 'O', 1, 1, '2020-03-30 03:30:23', 1, '2020-03-30 03:30:23'),
(149, 34, 0, 'G', '91133', 'O', 1, 1, '2020-03-30 03:30:23', 1, '2020-03-30 03:30:23'),
(150, 34, 0, 'G', '662c7', 'O', 1, 1, '2020-03-30 03:30:23', 1, '2020-03-30 03:30:23'),
(151, 34, 0, 'G', '12485', 'O', 1, 1, '2020-03-30 03:30:23', 1, '2020-03-30 03:30:23'),
(152, 34, 0, 'G', 'eecbb', 'O', 1, 1, '2020-03-30 03:30:23', 1, '2020-03-30 03:30:23'),
(153, 34, 0, 'G', '75edb', 'O', 1, 1, '2020-03-30 03:30:23', 1, '2020-03-30 03:30:23'),
(154, 34, 0, 'G', '8f9a3', 'O', 1, 1, '2020-03-30 03:30:23', 1, '2020-03-30 03:30:23'),
(155, 34, 0, 'G', '4703f', 'O', 1, 1, '2020-03-30 03:30:23', 1, '2020-03-30 03:30:23'),
(156, 34, 0, 'G', '01251', 'O', 1, 1, '2020-03-30 03:30:23', 1, '2020-03-30 03:30:23'),
(157, 34, 0, 'G', 'ef731', 'O', 1, 1, '2020-03-30 03:30:23', 1, '2020-03-30 03:30:23'),
(158, 34, 0, 'Y', '26c34', 'O', 1, 1, '2020-03-30 03:30:23', 1, '2020-03-30 03:30:23'),
(159, 34, 0, 'Y', '2448c', 'O', 1, 1, '2020-03-30 03:30:23', 1, '2020-03-30 03:30:23'),
(160, 34, 0, 'Y', 'b486e', 'O', 1, 1, '2020-03-30 03:30:23', 1, '2020-03-30 03:30:23'),
(161, 34, 0, 'Y', 'e3736', 'O', 1, 1, '2020-03-30 03:30:23', 1, '2020-03-30 03:30:23'),
(162, 34, 0, 'Y', '4ed93', 'O', 1, 1, '2020-03-30 03:30:23', 1, '2020-03-30 03:30:23'),
(163, 34, 0, 'Y', '772ad', 'O', 1, 1, '2020-03-30 03:30:23', 1, '2020-03-30 03:30:23'),
(164, 34, 0, 'Y', '2470a', 'O', 1, 1, '2020-03-30 03:30:23', 1, '2020-03-30 03:30:23'),
(165, 34, 0, 'Y', 'ae8a6', 'O', 1, 1, '2020-03-30 03:30:23', 1, '2020-03-30 03:30:23'),
(166, 34, 0, 'Y', '2eec8', 'O', 1, 1, '2020-03-30 03:30:23', 1, '2020-03-30 03:30:23'),
(167, 34, 0, 'Y', '90f5a', 'O', 1, 1, '2020-03-30 03:30:23', 1, '2020-03-30 03:30:23'),
(168, 34, 0, 'Y', 'c0b72', 'O', 1, 1, '2020-03-30 03:30:23', 1, '2020-03-30 03:30:23'),
(169, 34, 0, 'G', '83066', 'O', 1, 1, '2020-03-30 03:30:43', 1, '2020-03-30 03:30:43'),
(170, 34, 0, 'Y', 'a9c69', 'O', 1, 1, '2020-03-30 03:30:43', 1, '2020-03-30 03:30:43');

-- --------------------------------------------------------

--
-- Table structure for table `pass_entries`
--

CREATE TABLE `pass_entries` (
  `id` int(10) NOT NULL,
  `user_id` int(10) NOT NULL,
  `travel_date` timestamp NULL DEFAULT NULL,
  `travel_reason` text NOT NULL,
  `travel_status` enum('OPEN','APPROVED','FAKE','WARNING','OUTSIDE_ZONE','OUTSIDE_ZONE','SENT_BACK') NOT NULL,
  `services` varchar(255) NOT NULL,
  `start_time` timestamp NOT NULL DEFAULT '0000-00-00 00:00:00',
  `end_time` timestamp NOT NULL DEFAULT '0000-00-00 00:00:00',
  `location` varchar(25) NOT NULL,
  `location_stamp` text NOT NULL,
  `is_active` tinyint(1) NOT NULL,
  `cby` int(10) NOT NULL,
  `cdate` int(11) NOT NULL,
  `mby` int(11) NOT NULL,
  `mdate` int(11) NOT NULL
) ENGINE=MyISAM DEFAULT CHARSET=latin1;

--
-- Dumping data for table `pass_entries`
--

INSERT INTO `pass_entries` (`id`, `user_id`, `travel_date`, `travel_reason`, `travel_status`, `services`, `start_time`, `end_time`, `location`, `location_stamp`, `is_active`, `cby`, `cdate`, `mby`, `mdate`) VALUES
(1, 6, '2020-03-30 09:35:54', 'test travel', 'WARNING', '', '2020-03-30 15:17:46', '2020-03-30 09:30:00', 'test location', '', 1, 1, 20, 1, 20),
(8, 6, '2020-03-30 09:35:54', 'test', 'WARNING', '', '2020-03-30 15:17:05', '0000-00-00 00:00:00', 'area', '', 1, 1, 20, 1, 20),
(9, 6, '0000-00-00 00:00:00', 'testing ', 'APPROVED', '', '0000-00-00 00:00:00', '0000-00-00 00:00:00', 'area ', '', 1, 1, 20, 1, 20),
(10, 6, '0000-00-00 00:00:00', 'dffdgsdffds', 'OPEN', '', '0000-00-00 00:00:00', '0000-00-00 00:00:00', 'ddsaasaasd', '', 1, 1, 20, 1, 20),
(11, 6, '1970-01-01 05:00:30', 'travel reason', 'OPEN', '', '2020-03-30 08:00:15', '2020-03-30 09:00:15', 'area ', '', 1, 1, 20, 1, 20),
(12, 6, '2020-03-30 09:42:20', 'travel reason', 'OPEN', '', '2020-03-30 08:00:15', '2020-03-30 09:00:15', 'area ', '', 1, 1, 20, 1, 20),
(13, 6, '2020-03-30 09:39:21', 'ddddddddddd', 'OPEN', '', '0000-00-00 00:00:00', '0000-00-00 00:00:00', 'aaaaaa', '', 1, 1, 20, 1, 20);

-- --------------------------------------------------------

--
-- Table structure for table `services`
--

CREATE TABLE `services` (
  `id` int(10) NOT NULL,
  `name` varchar(255) NOT NULL,
  `description` text NOT NULL,
  `user_category_id` int(10) NOT NULL,
  `status` tinyint(1) NOT NULL,
  `is_active` tinyint(1) NOT NULL,
  `cby` int(10) NOT NULL,
  `cdate` timestamp NOT NULL DEFAULT CURRENT_TIMESTAMP ON UPDATE CURRENT_TIMESTAMP,
  `mby` int(10) NOT NULL,
  `mdate` timestamp NOT NULL DEFAULT '0000-00-00 00:00:00'
) ENGINE=MyISAM DEFAULT CHARSET=latin1;

--
-- Dumping data for table `services`
--

INSERT INTO `services` (`id`, `name`, `description`, `user_category_id`, `status`, `is_active`, `cby`, `cdate`, `mby`, `mdate`) VALUES
(1, 'Hospital staff', 'Hospital staff\r\n', 1, 1, 1, 1, '2020-03-27 05:27:41', 1, '0000-00-00 00:00:00'),
(2, 'Municipal Covid teams', 'Municipal Covid teams\r\n', 1, 1, 1, 1, '2020-03-27 05:27:46', 1, '0000-00-00 00:00:00'),
(4, 'NGO workers helping with CoVid crisis', 'NGO workers helping with CoVid crisis\r\n', 2, 1, 1, 1, '2020-03-27 05:27:51', 1, '0000-00-00 00:00:00'),
(5, 'Sanitary Workers', 'Sanitary Workers\r\n', 2, 1, 1, 1, '2020-03-27 05:27:59', 1, '0000-00-00 00:00:00'),
(6, 'Medicine Suppliers/ Pharmacies', 'Medicine Suppliers/ Pharmacies', 2, 1, 1, 1, '2020-03-27 04:56:10', 1, '0000-00-00 00:00:00'),
(7, 'Vegetable/ Milk Suppliers', 'Vegetable/ Milk Suppliers\r\n', 2, 1, 1, 1, '2020-03-27 05:28:06', 1, '0000-00-00 00:00:00'),
(8, 'General citizens (for outdoor)', 'General citizens (for outdoor)', 3, 1, 1, 1, '2020-03-27 04:56:40', 1, '0000-00-00 00:00:00'),
(9, 'Stay at Home Citizens', 'Stay at Home Citizens\r\n', 3, 1, 1, 1, '2020-03-27 05:28:13', 1, '0000-00-00 00:00:00');

-- --------------------------------------------------------

--
-- Table structure for table `sms_log`
--

CREATE TABLE `sms_log` (
  `id` int(10) NOT NULL,
  `mobile` varchar(255) NOT NULL,
  `otp` varchar(25) NOT NULL,
  `message` text NOT NULL,
  `response` text NOT NULL,
  `status` tinyint(1) NOT NULL,
  `cdate` timestamp NOT NULL DEFAULT CURRENT_TIMESTAMP
) ENGINE=MyISAM DEFAULT CHARSET=latin1;

--
-- Dumping data for table `sms_log`
--

INSERT INTO `sms_log` (`id`, `mobile`, `otp`, `message`, `response`, `status`, `cdate`) VALUES
(43, '9538131315', '6327', 'Your OTP for Janata Pass Registration  is 6327', 'test', 1, '2020-03-28 12:09:59'),
(44, '9538131315', '6544', 'Your OTP for Janata Pass Registration  is 6544', 'test', 1, '2020-03-28 12:10:15'),
(45, '9538131315', '2389', 'Your OTP for Janata Pass Registration  is 2389', 'test', 1, '2020-03-28 12:10:33'),
(46, '9538131315', '2729', 'Your OTP for Janata Pass Registration  is 2729', 'test', 1, '2020-03-28 12:10:56'),
(42, '9538131313', '8765', 'Your OTP for Janata Pass Registration  is 8765', 'test', 0, '2020-03-28 04:15:23'),
(6, '9538131315', '3847', 'Your OTP for Janata Pass Registration  is 3847', 'test', 1, '2020-03-27 08:30:36'),
(7, '9538131315', '8340', 'Your OTP for Janata Pass Registration  is 8340', 'test', 0, '2020-03-27 08:30:36'),
(41, '9538131312', '2264', 'Your OTP for Janata Pass Registration  is 2264', 'test', 1, '2020-03-28 04:10:07'),
(40, '9538131313', '7150', 'Your OTP for Janata Pass Registration  is 7150', 'test', 1, '2020-03-28 04:09:16'),
(39, '9538131312', '3210', 'Your OTP for Janata Pass Registration  is 3210', 'test', 1, '2020-03-28 04:08:47'),
(38, '9538131312', '9242', 'Your OTP for Janata Pass Registration  is 9242', 'test', 1, '2020-03-28 04:07:33'),
(37, '', '8914', 'Your OTP for Janata Pass Registration  is 8914', 'test', 0, '2020-03-28 02:46:10'),
(36, '', '4377', 'Your OTP for Janata Pass Registration  is 4377', 'test', 0, '2020-03-27 17:26:10'),
(35, '8220990313', '8660', 'Your OTP for Janata Pass Registration  is 8660', 'test', 0, '2020-03-27 16:37:15'),
(34, '9841696555', '9429', 'Your OTP for Janata Pass Registration  is 9429', 'test', 0, '2020-03-27 15:50:00'),
(33, '8220990313', '8834', 'Your OTP for Janata Pass Registration  is 8834', 'test', 0, '2020-03-27 15:37:00'),
(32, '9841696555', '3425', 'Your OTP for Janata Pass Registration  is 3425', 'test', 0, '2020-03-27 15:17:30'),
(31, '9538131314', '9948', 'Your OTP for Janata Pass Registration  is 9948', 'test', 1, '2020-03-27 15:16:38'),
(30, '', '1066', 'Your OTP for Janata Pass Registration  is 1066', 'test', 0, '2020-03-27 14:48:17'),
(29, '9538131314', '6457', 'Your OTP for Janata Pass Registration  is 6457', 'test', 0, '2020-03-27 14:26:33'),
(28, '9538131314', '5906', 'Your OTP for Janata Pass Registration  is 5906', 'test', 0, '2020-03-27 14:18:54'),
(27, '8220990313', '4340', 'Your OTP for Janata Pass Registration  is 4340', 'test', 0, '2020-03-27 14:18:45'),
(26, '8220990313', '5679', 'Your OTP for Janata Pass Registration  is 5679', 'test', 1, '2020-03-27 14:12:09'),
(24, '9538131314', '7602', 'Your OTP for Janata Pass Registration  is 7602', 'test', 0, '2020-03-27 14:03:30'),
(47, '9538131315', '9254', 'Your OTP for Janata Pass Registration  is 9254', 'test', 1, '2020-03-28 12:17:52'),
(48, '9538131315', '6975', 'Your OTP for Janata Pass Registration  is 6975', 'test', 1, '2020-03-28 12:18:02'),
(49, '9538131315', '3014', 'Your OTP for Janata Pass Registration  is 3014', 'test', 1, '2020-03-28 12:18:41'),
(50, '9538131315', '2255', 'Your OTP for Janata Pass Registration  is 2255', 'test', 1, '2020-03-28 12:18:53'),
(51, '9538131315', '1179', 'Your OTP for Janata Pass Registration  is 1179', 'test', 1, '2020-03-28 12:20:00'),
(52, '9538131315', '1046', 'Your OTP for Janata Pass Registration  is 1046', 'test', 1, '2020-03-28 12:22:26'),
(53, '9538131315', '8621', 'Your OTP for Janata Pass Registration  is 8621', 'test', 1, '2020-03-28 12:23:53'),
(54, '9538131315', '7179', 'Your OTP for Janata Pass Registration  is 7179', 'test', 1, '2020-03-28 12:27:28'),
(55, '9538131315', '3132', 'Your OTP for Janata Pass Registration  is 3132', 'test', 1, '2020-03-28 12:31:41'),
(56, '9538131315', '2796', 'Your OTP for Janata Pass Registration  is 2796', 'test', 1, '2020-03-28 12:32:53'),
(57, '9538131315', '8788', 'Your OTP for Janata Pass Registration  is 8788', 'test', 1, '2020-03-28 12:34:23'),
(58, '9538131315', '2547', 'Your OTP for Janata Pass Registration  is 2547', 'test', 1, '2020-03-28 12:39:00'),
(59, '9538131315', '4959', 'Your OTP for Janata Pass Registration  is 4959', 'test', 1, '2020-03-28 12:39:29'),
(60, '9538131315', '9432', 'Your OTP for Janata Pass Registration  is 9432', 'test', 1, '2020-03-28 12:56:05'),
(61, '919538131315', '1234', 'test', 'test', 1, '2020-03-28 13:10:07'),
(62, '9538131315', '1718', 'Your OTP for Janata Pass Registration  is 1718', 'test', 1, '2020-03-28 13:10:48'),
(63, '9538131315', '7164', 'Your OTP for Janata Pass Registration  is 7164', 'test', 1, '2020-03-28 13:31:05'),
(64, '9538131315', '5997', 'Your OTP for Janata Pass Registration  is 5997', 'test', 1, '2020-03-28 13:38:38'),
(65, '919538131315', '5518', 'Your+OTP+for+Janata+Pass+Registration++is+5518', '306342737536353337333233', 1, '2020-03-28 13:51:58'),
(66, '919538131315', '5342', 'Your+OTP+for+Janata+Pass+Registration++is+5342', '306342737a58303236303235', 1, '2020-03-28 13:56:50'),
(67, '919538131315', '7200', 'Your+OTP+for+Janata+Pass+Registration++is+7200', 'test response', 1, '2020-03-28 14:01:45'),
(68, '919538131315', '3816', 'Your+OTP+for+Janata+Pass+Registration++is+3816', 'test response', 1, '2020-03-28 14:01:47'),
(69, '919538131315', '9006', 'Your+OTP+for+Janata+Pass+Registration++is+9006', 'test response', 1, '2020-03-28 14:02:22'),
(70, '919538131315', '9624', 'Your+OTP+for+Janata+Pass+Registration++is+9624', 'test response', 1, '2020-03-28 14:02:48'),
(71, '9538131313', '8780', 'Your+OTP+for+Janata+Pass+Registration++is+8780', 'test response', 0, '2020-03-28 14:04:43'),
(72, '9538131313', '8553', 'Your+OTP+for+Janata+Pass+Registration++is+8553', 'test response', 0, '2020-03-28 14:06:13'),
(73, '9538131315', '2110', 'Your OTP for Janata Pass Registration  is 2110', 'test', 1, '2020-03-28 14:08:29'),
(74, '9538131313', '9722', 'Your+OTP+for+Janata+Pass+Registration++is+9722', 'test response', 1, '2020-03-28 14:10:35'),
(75, '9538131313', '9229', 'Your+OTP+for+Janata+Pass+Registration++is+9229', 'test response', 1, '2020-03-28 14:13:24'),
(76, '9538131313', '8587', 'Your+OTP+for+Janata+Pass+Registration++is+8587', 'test response', 1, '2020-03-28 14:42:00'),
(77, '9538131313', '8184', 'Your+OTP+for+Janata+Pass+Registration++is+8184', 'test response', 1, '2020-03-28 14:54:07'),
(78, '9538131313', '6421', 'Your+OTP+for+Janata+Pass+Registration++is+6421', 'test response', 1, '2020-03-28 14:55:54'),
(79, '9538131313', '2301', 'Your+OTP+for+Janata+Pass+Registration++is+2301', 'test response', 1, '2020-03-28 14:57:13'),
(80, '9538131313', '6090', 'Your+OTP+for+Janata+Pass+Registration++is+6090', 'test response', 1, '2020-03-28 15:03:54'),
(81, '9538131313', '7048', 'Your+OTP+for+Janata+Pass+Registration++is+7048', 'test response', 1, '2020-03-28 15:04:55'),
(82, '9538131315', '2971', 'Your OTP for Janata Pass Registration  is 2971', 'test', 1, '2020-03-28 15:08:04'),
(83, '9538131313', '2337', 'Your+OTP+for+Janata+Pass+Registration++is+2337', 'test response', 1, '2020-03-28 15:15:30'),
(84, '8220990313', '1499', 'Your+OTP+for+Janata+Pass+Registration++is+1499', 'test response', 1, '2020-03-28 15:30:51'),
(85, '8220990313', '6087', 'Your+OTP+for+Janata+Pass+Registration++is+6087', 'test response', 1, '2020-03-28 15:34:09'),
(86, '8220990313', '1464', 'Your+OTP+for+Janata+Pass+Registration++is+1464', 'test response', 1, '2020-03-28 15:40:02'),
(87, '8220990313', '1885', 'Your+OTP+for+Janata+Pass+Registration++is+1885', 'test response', 1, '2020-03-28 15:44:51'),
(88, '8220990313', '6955', 'Your+OTP+for+Janata+Pass+Registration++is+6955', 'test response', 1, '2020-03-28 15:45:07'),
(89, '8220990313', '8306', 'Your+OTP+for+Janata+Pass+Registration++is+8306', 'test response', 1, '2020-03-28 15:49:30'),
(90, '8220990313', '7896', 'Your+OTP+for+Janata+Pass+Registration++is+7896', 'test response', 1, '2020-03-28 15:49:42'),
(91, '8220990313', '8561', 'Your+OTP+for+Janata+Pass+Registration++is+8561', 'test response', 1, '2020-03-28 15:51:27'),
(92, '8220990313', '9307', 'Your+OTP+for+Janata+Pass+Registration++is+9307', 'test response', 1, '2020-03-28 15:58:11'),
(93, '8220990313', '9889', 'Your+OTP+for+Janata+Pass+Registration++is+9889', 'test response', 1, '2020-03-28 15:58:20'),
(94, '8220990313', '9358', 'Your+OTP+for+Janata+Pass+Registration++is+9358', 'test response', 1, '2020-03-28 15:58:38'),
(95, '9538131314', '9573', 'Your+OTP+for+Janata+Pass+Registration++is+9573', 'test response', 1, '2020-03-28 16:01:12'),
(96, '9538131312', '4123', 'Your+OTP+for+Janata+Pass+Registration++is+4123', 'test response', 1, '2020-03-28 16:03:03'),
(97, '8220990313', '8271', 'Your+OTP+for+Janata+Pass+Registration++is+8271', 'test response', 1, '2020-03-28 16:03:28'),
(98, '9538131311', '9457', 'Your+OTP+for+Janata+Pass+Registration++is+9457', 'test response', 1, '2020-03-28 16:06:41'),
(99, '9538131310', '9709', 'Your+OTP+for+Janata+Pass+Registration++is+9709', 'test response', 1, '2020-03-28 16:07:52'),
(100, '8220990313', '1963', 'Your+OTP+for+Janata+Pass+Registration++is+1963', 'test response', 1, '2020-03-28 16:08:40'),
(101, '9538131303', '3061', 'Your+OTP+for+Janata+Pass+Registration++is+3061', 'test response', 1, '2020-03-28 16:10:37'),
(102, '8220990313', '1434', 'Your+OTP+for+Janata+Pass+Registration++is+1434', 'test response', 1, '2020-03-28 16:11:18'),
(103, '9538131300', '1354', 'Your+OTP+for+Janata+Pass+Registration++is+1354', 'test response', 1, '2020-03-28 16:14:17'),
(104, '8220990313', '5607', 'Your+OTP+for+Janata+Pass+Registration++is+5607', 'test response', 1, '2020-03-28 16:15:22'),
(105, '9538131319', '8431', 'Your+OTP+for+Janata+Pass+Registration++is+8431', 'test response', 1, '2020-03-28 16:16:52'),
(106, '9538131315', '3873', 'Your OTP for Janata Pass Registration  is 3873', 'test', 1, '2020-03-28 16:28:47'),
(107, '9538131315', '2053', 'Your OTP for Janata Pass Registration  is 2053', 'test', 1, '2020-03-28 16:29:03'),
(108, '9538131315', '4019', 'Your OTP for Janata Pass Registration  is 4019', 'test', 1, '2020-03-28 16:29:52'),
(109, '8220990313', '3426', 'Your+OTP+for+Janata+Pass+Registration++is+3426', 'test response', 1, '2020-03-28 16:37:30'),
(110, '9841696555', '3553', 'Your+OTP+for+Janata+Pass+Registration++is+3553', 'test response', 1, '2020-03-28 16:52:56'),
(111, '9841696555', '1635', 'Your+OTP+for+Janata+Pass+Registration++is+1635', 'test response', 1, '2020-03-28 16:53:08'),
(112, '9841696555', '7573', 'Your+OTP+for+Janata+Pass+Registration++is+7573', 'test response', 1, '2020-03-28 16:54:10'),
(113, '9538131315', '5659', 'Your+OTP+for+Janata+Pass+Registration++is+5659', 'test response', 1, '2020-03-28 17:29:37'),
(114, '9538131315', '3487', 'Your+OTP+for+Janata+Pass+Registration++is+3487', 'test response', 1, '2020-03-28 17:30:58'),
(115, '9538131315', '7151', 'Your+OTP+for+Janata+Pass+Registration++is+7151', 'test response', 1, '2020-03-28 17:31:22'),
(116, '9538131315', '3283', 'Your+OTP+for+Janata+Pass+Registration++is+3283', 'test response', 1, '2020-03-28 17:32:22'),
(117, '9538131315', '3126', 'Your+OTP+for+Janata+Pass+Registration++is+3126', 'test response', 1, '2020-03-28 17:32:47'),
(118, '9538131315', '5146', 'Your+OTP+for+Janata+Pass+Registration++is+5146', 'test response', 1, '2020-03-28 17:33:37'),
(119, '9538131315', '8154', 'Your+OTP+for+Janata+Pass+Registration++is+8154', 'test response', 1, '2020-03-28 17:34:19'),
(120, '9538131315', '5427', 'Your+OTP+for+Janata+Pass+Registration++is+5427', 'test response', 1, '2020-03-28 17:34:44'),
(121, '9538131315', '6234', 'Your+OTP+for+Janata+Pass+Registration++is+6234', 'test response', 1, '2020-03-28 17:37:23'),
(122, '9538131315', '7124', 'Your+OTP+for+Janata+Pass+Registration++is+7124', 'test response', 1, '2020-03-28 17:38:24'),
(123, '9538131315', '5761', 'Your+OTP+for+Janata+Pass+Registration++is+5761', 'test response', 1, '2020-03-28 17:39:05'),
(124, '9538131313', '2507', 'Your+OTP+for+Janata+Pass+Registration++is+2507', 'test response', 1, '2020-03-28 17:39:48'),
(125, '9841696555', '5810', 'Your+OTP+for+Janata+Pass+Registration++is+5810', 'test response', 1, '2020-03-28 17:41:13'),
(126, '9538131315', '5769', 'Your+OTP+for+Janata+Pass+Registration++is+5769', 'test response', 1, '2020-03-28 17:42:34'),
(127, '9538131315', '8041', 'Your+OTP+for+Janata+Pass+Registration++is+8041', 'test response', 1, '2020-03-28 17:46:46'),
(128, '9538131315', '1477', 'Your+OTP+for+Janata+Pass+Registration++is+1477', 'test response', 1, '2020-03-28 17:47:49'),
(129, '1231231231', '2048', 'Your+OTP+for+Janata+Pass+Registration++is+2048', 'test response', 1, '2020-03-28 17:52:01'),
(130, '9538131315', '5317', 'Your+OTP+for+Janata+Pass+Registration++is+5317', 'test response', 1, '2020-03-28 17:55:22'),
(131, '9538131315', '7544', 'Your+OTP+for+Janata+Pass+Registration++is+7544', '306342777a76383834343135', 0, '2020-03-28 17:56:22'),
(132, '', '7995', 'Your+OTP+for+Janata+Pass+Registration++is+7995', 'Please Enter valid mobile no', 1, '2020-03-28 23:49:46'),
(133, '8220990313', '9532', 'Your+OTP+for+Janata+Pass+Registration++is+9532', '306343696f76363733323832', 0, '2020-03-29 03:45:22'),
(134, '9538131315', '5332', 'Your+OTP+for+Janata+Pass+Registration++is+5332', '3063436a6147343636373336', 1, '2020-03-29 04:31:33'),
(135, '9538131315', '4991', 'Your+OTP+for+Janata+Pass+Registration++is+4991', '3063436a6267343537333431', 0, '2020-03-29 04:32:07'),
(136, '9538131315', '2515', 'Your+OTP+for+Janata+Pass+Registration++is+2515', '3063436a646c393331363833', 1, '2020-03-29 04:34:12'),
(137, '9841696555', '5084', 'Your+OTP+for+Janata+Pass+Registration++is+5084', '3063436a6857363032383331', 0, '2020-03-29 04:38:49'),
(138, '8220990313', '2332', 'Your+OTP+for+Janata+Pass+Registration++is+2332', '306343714648383437383936', 0, '2020-03-29 12:02:34'),
(139, '9944704081', '1161', 'Your+OTP+for+Janata+Pass+Registration++is+1161', '30634371496e353937393032', 0, '2020-03-29 12:05:14'),
(140, '1231231231', '7243', 'Your+OTP+for+Janata+Pass+Registration++is+7243', 'test response', 0, '2020-03-29 16:41:17'),
(141, '1231231231', '4831', 'Your+OTP+for+Janata+Pass+Registration++is+4831', 'test response', 0, '2020-03-29 16:43:39'),
(142, '1231231231', '4333', 'Your+OTP+for+Janata+Pass+Registration++is+4333', 'test response', 0, '2020-03-29 16:53:09'),
(143, '1231231231', '6269', 'Your+OTP+for+Janata+Pass+Registration++is+6269', 'test response', 0, '2020-03-29 16:58:55'),
(144, '1231231231', '7581', 'Your+OTP+for+Janata+Pass+Registration++is+7581', 'test response', 0, '2020-03-29 17:02:31'),
(145, '1231231231', '5273', 'Your+OTP+for+Janata+Pass+Registration++is+5273', 'test response', 0, '2020-03-29 17:06:22'),
(146, '1231231231', '7526', 'Your+OTP+for+Janata+Pass+Registration++is+7526', 'test response', 0, '2020-03-29 17:07:16'),
(147, '1231231231', '4171', 'Your+OTP+for+Janata+Pass+Registration++is+4171', 'test response', 0, '2020-03-29 17:08:21'),
(148, '1231231231', '2028', 'Your+OTP+for+Janata+Pass+Registration++is+2028', 'test response', 0, '2020-03-29 17:12:35'),
(149, '1231231231', '7126', 'Your+OTP+for+Janata+Pass+Registration++is+7126', 'test response', 0, '2020-03-29 17:14:34'),
(150, '1231231231', '4191', 'Your+OTP+for+Janata+Pass+Registration++is+4191', 'test response', 0, '2020-03-29 17:16:52'),
(151, '1231231231', '1471', 'Your+OTP+for+Janata+Pass+Registration++is+1471', 'test response', 0, '2020-03-29 18:51:15'),
(152, '1231231231', '6130', 'Your+OTP+for+Janata+Pass+Registration++is+6130', 'test response', 0, '2020-03-29 18:52:52'),
(153, '1231231231', '9250', 'Your+OTP+for+Janata+Pass+Registration++is+9250', 'test response', 0, '2020-03-29 18:56:12'),
(154, '1231231231', '2517', 'Your+OTP+for+Janata+Pass+Registration++is+2517', 'test response', 0, '2020-03-29 18:58:22'),
(155, '1231231231', '7076', 'Your+OTP+for+Janata+Pass+Registration++is+7076', 'test response', 0, '2020-03-29 18:59:15'),
(156, '1231231231', '2067', 'Your+OTP+for+Janata+Pass+Registration++is+2067', 'test response', 0, '2020-03-29 19:00:50'),
(157, '1231231231', '3919', 'Your+OTP+for+Janata+Pass+Registration++is+3919', 'test response', 0, '2020-03-29 19:03:31'),
(158, '2342342341', '9896', 'Your+OTP+for+Janata+Pass+Registration++is+9896', 'test response', 0, '2020-03-29 19:03:59'),
(159, '2342342341', '5835', 'Your+OTP+for+Janata+Pass+Registration++is+5835', 'test response', 0, '2020-03-29 19:14:30'),
(160, '4354354351', '9201', 'Your+OTP+for+Janata+Pass+Registration++is+9201', 'test response', 0, '2020-03-29 19:18:33'),
(161, '4354354351', '8284', 'Your+OTP+for+Janata+Pass+Registration++is+8284', 'test response', 0, '2020-03-29 19:24:54'),
(162, '9944704081', '9757', 'Your+OTP+for+Janata+Pass+Registration++is+9757', 'test response', 1, '2020-03-30 04:09:28'),
(163, '9944704081', '5557', 'Your+OTP+for+Janata+Pass+Registration++is+5557', 'test response', 1, '2020-03-30 04:14:06'),
(164, '9944704081', '8496', 'Your+OTP+for+Janata+Pass+Registration++is+8496', 'test response', 1, '2020-03-30 04:20:41'),
(165, '9944704081', '3518', 'Your+OTP+for+Janata+Pass+Registration++is+3518', 'test response', 1, '2020-03-30 04:23:03'),
(166, '9944704081', '8011', 'Your+OTP+for+Janata+Pass+Registration++is+8011', 'test response', 1, '2020-03-30 04:25:30'),
(167, '9944704081', '8247', 'Your+OTP+for+Janata+Pass+Registration++is+8247', 'test response', 1, '2020-03-30 04:28:52'),
(168, '1111111111', '9402', 'Your+OTP+for+Janata+Pass+Registration++is+9402', 'test response', 0, '2020-03-30 05:04:00'),
(169, '9538131315', '9900', 'Your+OTP+for+Janata+Pass+Registration++is+9900', 'test response', 1, '2020-03-30 05:04:41'),
(170, '1111111111', '1859', 'Your+OTP+for+Janata+Pass+Registration++is+1859', 'test response', 0, '2020-03-30 05:05:01'),
(171, '9538131315', '5035', 'Your+OTP+for+Janata+Pass+Registration++is+5035', 'test response', 0, '2020-03-30 05:09:16'),
(172, '9538131315', '4604', 'Your+OTP+for+Janata+Pass+Registration++is+4604', 'test response', 0, '2020-03-30 05:09:52'),
(173, '9538131315', '2313', 'Your+OTP+for+Janata+Pass+Registration++is+2313', 'test response', 0, '2020-03-30 05:10:52'),
(174, '9538131315', '7462', 'Your+OTP+for+Janata+Pass+Registration++is+7462', 'test response', 0, '2020-03-30 05:14:24'),
(175, '9538131315', '1709', 'Your+OTP+for+Janata+Pass+Registration++is+1709', 'test response', 0, '2020-03-30 05:26:22'),
(176, '9790237667', '2958', 'Your+OTP+for+Janata+Pass+Registration++is+2958', 'test response', 0, '2020-03-30 05:31:32'),
(177, '9538131315', '5524', 'Your+OTP+for+Janata+Pass+Registration++is+5524', 'test response', 0, '2020-03-30 05:34:00'),
(178, '9538131315', '3952', 'Your+OTP+for+Janata+Pass+Registration++is+3952', 'test response', 0, '2020-03-30 05:40:17'),
(179, '9538131315', '1433', 'Your+OTP+for+Janata+Pass+Registration++is+1433', 'test response', 0, '2020-03-30 05:40:53'),
(180, '9790237667', '4568', 'Your+OTP+for+Janata+Pass+Registration++is+4568', 'test response', 0, '2020-03-30 05:41:45'),
(181, '9944536282', '1212', 'Your+OTP+for+Janata+Pass+Registration++is+1212', 'test response', 0, '2020-03-30 05:42:41'),
(182, '9538131315', '9162', 'Your+OTP+for+Janata+Pass+Registration++is+9162', 'test response', 0, '2020-03-30 05:50:57'),
(183, '9538131315', '4648', 'Your+OTP+for+Janata+Pass+Registration++is+4648', 'test response', 0, '2020-03-30 05:59:48'),
(184, '9538131315', '1036', 'Your+OTP+for+Janata+Pass+Registration++is+1036', 'test response', 0, '2020-03-30 06:01:48'),
(185, '9538131315', '8150', 'Your+OTP+for+Janata+Pass+Registration++is+8150', 'test response', 0, '2020-03-30 06:04:12'),
(186, '9538131315', '4885', 'Your+OTP+for+Janata+Pass+Registration++is+4885', 'test response', 0, '2020-03-30 06:04:32'),
(187, '9538131315', '6562', 'Your+OTP+for+Janata+Pass+Registration++is+6562', 'test response', 0, '2020-03-30 06:18:39'),
(188, '9538131315', '1067', 'Your+OTP+for+Janata+Pass+Registration++is+1067', 'test response', 0, '2020-03-30 06:31:05'),
(189, '2342342341', '6555', 'Your+OTP+for+Janata+Pass+Registration++is+6555', 'test response', 0, '2020-03-30 06:32:50'),
(190, '9944536282', '7464', 'Your+OTP+for+Janata+Pass+Registration++is+7464', 'test response', 0, '2020-03-30 06:33:06'),
(191, '9538131315', '7966', 'Your+OTP+for+Janata+Pass+Registration++is+7966', 'test response', 0, '2020-03-30 06:33:58'),
(192, '1231231231', '8563', 'Your+OTP+for+Janata+Pass+Registration++is+8563', 'test response', 0, '2020-03-30 06:34:11'),
(193, '2342342341', '9658', 'Your+OTP+for+Janata+Pass+Registration++is+9658', 'test response', 0, '2020-03-30 06:37:19'),
(194, '9790237667', '1496', 'Your+OTP+for+Janata+Pass+Registration++is+1496', 'test response', 0, '2020-03-30 06:42:50'),
(195, '9944536282', '2961', 'Your+OTP+for+Janata+Pass+Registration++is+2961', 'test response', 0, '2020-03-30 06:43:31'),
(196, '9538131315', '2155', 'Your+OTP+for+Janata+Pass+Registration++is+2155', 'test response', 0, '2020-03-30 06:44:35'),
(197, '9538131315', '7052', 'Your+OTP+for+Janata+Pass+Registration++is+7052', 'test response', 0, '2020-03-30 06:45:25'),
(198, '9538131315', '9490', 'Your+OTP+for+Janata+Pass+Registration++is+9490', 'test response', 0, '2020-03-30 07:07:48'),
(199, '9538131315', '7047', 'Your+OTP+for+Janata+Pass+Registration++is+7047', 'test response', 0, '2020-03-30 07:08:34'),
(200, '9538131315', '7044', 'Your+OTP+for+Janata+Pass+Registration++is+7044', 'test response', 0, '2020-03-30 07:09:33'),
(201, '9538131315', '5948', 'Your+OTP+for+Janata+Pass+Registration++is+5948', 'test response', 0, '2020-03-30 07:18:53'),
(202, '9538131315', '6698', 'Your+OTP+for+Janata+Pass+Registration++is+6698', 'test response', 0, '2020-03-30 07:19:58'),
(203, '9538131315', '5446', 'Your+OTP+for+Janata+Pass+Registration++is+5446', 'test response', 0, '2020-03-30 07:26:55'),
(204, '9538131315', '5037', 'Your+OTP+for+Janata+Pass+Registration++is+5037', 'test response', 0, '2020-03-30 07:28:14'),
(205, '9538131315', '9210', 'Your+OTP+for+Janata+Pass+Registration++is+9210', 'test response', 0, '2020-03-30 07:28:55'),
(206, '9944536282', '9446', 'Your+OTP+for+Janata+Pass+Registration++is+9446', 'test response', 0, '2020-03-30 08:04:50'),
(207, '', '4932', 'Your+OTP+for+Janata+Pass+Registration++is+4932', 'test response', 1, '2020-03-30 08:05:12'),
(208, '9944536282', '3908', 'Your+OTP+for+Janata+Pass+Registration++is+3908', 'test response', 0, '2020-03-30 08:05:34'),
(209, '9944536282', '1867', 'Your+OTP+for+Janata+Pass+Registration++is+1867', 'test response', 0, '2020-03-30 08:09:15'),
(210, '9944536282', '1797', 'Your+OTP+for+Janata+Pass+Registration++is+1797', 'test response', 0, '2020-03-30 08:11:22'),
(211, '9944536282', '3475', 'Your+OTP+for+Janata+Pass+Registration++is+3475', 'test response', 0, '2020-03-30 08:13:25'),
(212, '9944536282', '7397', 'Your+OTP+for+Janata+Pass+Registration++is+7397', 'test response', 0, '2020-03-30 08:14:40'),
(213, '9944536282', '4747', 'Your+OTP+for+Janata+Pass+Registration++is+4747', 'test response', 0, '2020-03-30 08:15:59'),
(214, '9944536282', '4523', 'Your+OTP+for+Janata+Pass+Registration++is+4523', 'test response', 0, '2020-03-30 08:20:04'),
(215, '9944536282', '7378', 'Your+OTP+for+Janata+Pass+Registration++is+7378', 'test response', 0, '2020-03-30 08:21:27'),
(216, '9538131315', '5151', 'Your+OTP+for+Janata+Pass+Registration++is+5151', 'test response', 0, '2020-03-30 08:21:55'),
(217, '9944536282', '2777', 'Your+OTP+for+Janata+Pass+Registration++is+2777', 'test response', 0, '2020-03-30 08:23:07'),
(218, '9538131315', '9925', 'Your+OTP+for+Janata+Pass+Registration++is+9925', 'test response', 0, '2020-03-30 08:28:55'),
(219, '9538131315', '9855', 'Your+OTP+for+Janata+Pass+Registration++is+9855', 'test response', 0, '2020-03-30 08:32:08'),
(220, '9538131315', '8044', 'Your+OTP+for+Janata+Pass+Registration++is+8044', 'test response', 0, '2020-03-30 08:35:29'),
(221, '9538131315', '8066', 'Your+OTP+for+Janata+Pass+Registration++is+8066', 'test response', 0, '2020-03-30 08:36:37'),
(222, '9538131315', '7338', 'Your+OTP+for+Janata+Pass+Registration++is+7338', 'test response', 0, '2020-03-30 08:41:20'),
(223, '9841696555', '4855', 'Your+OTP+for+Janata+Pass+Registration++is+4855', 'test response', 1, '2020-03-30 08:57:19'),
(224, '9841696555', '2651', 'Your+OTP+for+Janata+Pass+Registration++is+2651', 'test response', 0, '2020-03-30 08:58:12'),
(225, '953813131', '5809', 'Your+OTP+for+Janata+Pass+Registration++is+5809', 'test response', 1, '2020-03-30 09:14:29'),
(226, '9538131313', '6797', 'Your+OTP+for+Janata+Pass+Registration++is+6797', 'test response', 0, '2020-03-30 09:14:41'),
(227, '9538131313', '5542', 'Your+OTP+for+Janata+Pass+Registration++is+5542', 'test response', 0, '2020-03-30 09:15:47'),
(228, '9538131313', '6203', 'Your+OTP+for+Janata+Pass+Registration++is+6203', 'test response', 0, '2020-03-30 09:18:23'),
(229, '9538131313', '9244', 'Your+OTP+for+Janata+Pass+Registration++is+9244', 'test response', 0, '2020-03-30 09:19:48'),
(230, '9538131315', '3889', 'Your+OTP+for+Janata+Pass+Registration++is+3889', 'test response', 0, '2020-03-30 09:25:09'),
(231, '9538131315', '9824', 'Your+OTP+for+Janata+Pass+Registration++is+9824', 'test response', 0, '2020-03-30 09:31:54'),
(232, '9538131313', '1432', 'Your+OTP+for+Janata+Pass+Registration++is+1432', 'test response', 0, '2020-03-30 09:52:34'),
(233, '9538131313', '3598', 'Your+OTP+for+Janata+Pass+Registration++is+3598', 'test response', 0, '2020-03-30 10:13:01'),
(234, '9538131315', '1194', 'Your+OTP+for+Janata+Pass+Registration++is+1194', 'test response', 0, '2020-03-30 11:51:41'),
(235, '9538131315', '3995', 'Your+OTP+for+Janata+Pass+Registration++is+3995', 'test response', 0, '2020-03-30 14:02:18'),
(236, '9944536282', '5777', 'Your+OTP+for+Janata+Pass+Registration++is+5777', 'test response', 0, '2020-03-30 14:55:50'),
(237, '8899889988', '5698', 'Your+OTP+for+Janata+Pass+Registration++is+5698', 'test response', 0, '2020-03-30 14:56:24'),
(238, '9538131315', '5460', 'Your+OTP+for+Janata+Pass+Registration++is+5460', 'test response', 0, '2020-03-30 15:33:32'),
(239, '9538131315', '3230', 'Your+OTP+for+Janata+Pass+Registration++is+3230', 'test response', 0, '2020-03-30 15:39:08'),
(240, '9538131315', '4480', 'Your+OTP+for+Janata+Pass+Registration++is+4480', 'test response', 0, '2020-03-30 15:44:33'),
(241, '9538131315', '5877', 'Your+OTP+for+Janata+Pass+Registration++is+5877', 'test response', 0, '2020-03-30 15:45:36'),
(242, '9538131315', '5728', 'Your+OTP+for+Janata+Pass+Registration++is+5728', 'test response', 0, '2020-03-30 15:51:05'),
(243, '9538131315', '8240', 'Your+OTP+for+Janata+Pass+Registration++is+8240', 'test response', 0, '2020-03-30 15:53:14');

-- --------------------------------------------------------

--
-- Table structure for table `users`
--

CREATE TABLE `users` (
  `id` int(11) NOT NULL,
  `name` varchar(255) NOT NULL,
  `mobile` varchar(255) NOT NULL,
  `aadhar_number` varchar(25) NOT NULL,
  `user_type_id` int(10) NOT NULL,
  `user_category_id` int(10) NOT NULL,
  `approver_id` int(12) NOT NULL,
  `services` varchar(255) NOT NULL,
  `user_check` tinyint(1) NOT NULL COMMENT '1-Image,2-Birth',
  `user_proof` enum('photo','birthmark') NOT NULL,
  `user_image` int(11) NOT NULL,
  `user_birthmark` text NOT NULL,
  `user_email` varchar(25) NOT NULL,
  `address` text NOT NULL,
  `city` varchar(25) NOT NULL,
  `state` varchar(25) NOT NULL,
  `pincode` int(10) NOT NULL,
  `qr_code` text NOT NULL,
  `location_recording` tinyint(1) NOT NULL,
  `device_id` text NOT NULL,
  `status` tinyint(1) NOT NULL,
  `is_active` tinyint(1) NOT NULL,
  `cby` int(10) NOT NULL,
  `cdate` timestamp NOT NULL DEFAULT CURRENT_TIMESTAMP ON UPDATE CURRENT_TIMESTAMP,
  `mby` int(10) NOT NULL,
  `mdate` timestamp NOT NULL DEFAULT '0000-00-00 00:00:00'
) ENGINE=MyISAM DEFAULT CHARSET=latin1;

--
-- Dumping data for table `users`
--

INSERT INTO `users` (`id`, `name`, `mobile`, `aadhar_number`, `user_type_id`, `user_category_id`, `approver_id`, `services`, `user_check`, `user_proof`, `user_image`, `user_birthmark`, `user_email`, `address`, `city`, `state`, `pincode`, `qr_code`, `location_recording`, `device_id`, `status`, `is_active`, `cby`, `cdate`, `mby`, `mdate`) VALUES
(6, 'Priya', '9538131315', '147147147147', 3, 3, 0, '', 0, '', 0, '', '', 'address', 'city', '', 560105, '9538131315', 0, '', 1, 1, 1, '2020-03-30 09:26:47', 1, '2020-03-27 02:27:37'),
(7, '', '', '', 0, 0, 0, '', 0, '', 0, '', '', '', '', '', 0, '', 0, '', 1, 1, 1, '2020-03-28 04:28:21', 1, '2020-03-28 04:28:21'),
(8, '', '', '', 0, 0, 0, '', 0, '', 0, '', '', '', '', '', 0, '', 0, '', 1, 1, 1, '2020-03-28 04:28:28', 1, '2020-03-28 04:28:28'),
(9, '', '', '', 0, 0, 0, '', 0, '', 0, '', '', '', '', '', 0, '', 0, '', 1, 1, 1, '2020-03-28 04:28:31', 1, '2020-03-28 04:28:31'),
(10, 'sss', '', '3333', 0, 0, 0, '', 0, '', 0, '', '', '', 'dss', '', 0, '', 0, '', 1, 1, 1, '2020-03-28 04:28:34', 1, '2020-03-28 04:28:34'),
(11, 'seenu', '', '3333335534', 0, 0, 0, '', 0, '', 0, '', '', '', 'trichy', '', 0, '', 0, '', 1, 1, 1, '2020-03-28 04:28:37', 1, '2020-03-28 04:28:37'),
(12, '', '', '', 2, 0, 0, '', 0, '', 0, '', '', '', '', '', 0, '', 0, '', 1, 1, 1, '2020-03-28 04:28:57', 1, '2020-03-28 04:28:57'),
(13, '', '', '', 2, 0, 0, '', 0, '', 0, '', '', '', '', '', 0, '', 0, '', 1, 1, 1, '2020-03-28 05:28:00', 1, '2020-03-28 05:28:00'),
(14, '', '', '', 2, 0, 0, '', 0, '', 0, '', '', '', '', '', 0, '', 0, '', 1, 1, 1, '2020-03-28 05:28:01', 1, '2020-03-28 05:28:01'),
(15, '', '', '', 2, 0, 0, '', 0, '', 0, '', '', '', '', '', 0, '', 0, '', 1, 1, 1, '2020-03-28 05:28:11', 1, '2020-03-28 05:28:11'),
(16, '', '', '', 2, 0, 0, '', 0, '', 0, '', '', '', '', '', 0, '', 0, '', 1, 1, 1, '2020-03-28 05:28:22', 1, '2020-03-28 05:28:22'),
(17, '', '', '', 2, 0, 0, '', 0, '', 0, '', '', '', '', '', 0, '', 0, '', 1, 1, 1, '2020-03-28 05:28:22', 1, '2020-03-28 05:28:22'),
(18, '', '', '', 2, 0, 0, '', 0, '', 0, '', '', '', '', '', 0, '', 0, '', 1, 1, 1, '2020-03-28 05:28:22', 1, '2020-03-28 05:28:22'),
(19, '', '', '', 2, 0, 0, '', 0, '', 0, '', '', '', '', '', 0, '', 0, '', 1, 1, 1, '2020-03-28 05:28:30', 1, '2020-03-28 05:28:30'),
(20, 'org name', '9538131313', '', 1, 1, 34, '', 0, '', 0, '', 'test@test.com', 'org loc', '', '', 0, '9538131313565f8', 0, '', 1, 1, 1, '2020-03-28 15:34:19', 1, '2020-03-28 08:28:45'),
(21, 'org name', '9538131314', '', 1, 1, 35, '', 0, '', 0, '', 'test@test.com', 'org loc', '', '', 0, '95381313140a266', 0, '', 1, 1, 1, '2020-03-28 09:28:31', 1, '2020-03-28 09:28:31'),
(22, 'org name', '9538131312', '', 1, 1, 36, '', 0, '', 0, '', 'test@test.com', 'org loc', '', '', 0, '9538131312ed6d3', 0, '', 1, 1, 1, '2020-03-28 09:28:33', 1, '2020-03-28 09:28:33'),
(23, 'org name', '9538131311', '', 1, 1, 37, '', 0, '', 0, '', 'test@test.com', 'org loc', '', '', 0, '9538131311b6fc2', 0, '', 1, 1, 1, '2020-03-28 09:28:37', 1, '2020-03-28 09:28:37'),
(24, 'org name', '9538131310', '', 1, 1, 38, '', 0, '', 0, '', 'test@test.com', 'org loc', '', '', 0, '953813131037789', 0, '', 1, 1, 1, '2020-03-28 09:28:38', 1, '2020-03-28 09:28:38'),
(25, 'org name', '9538131303', '', 1, 1, 39, '', 0, '', 0, '', 'test@test.com', 'org loc', '', '', 0, '9538131303857f2', 0, '', 1, 1, 1, '2020-03-28 09:28:41', 1, '2020-03-28 09:28:41'),
(26, 'testing company', '9538131300', '', 1, 1, 40, '', 0, '', 0, '', 'bdclient@test.com', 'city changed', '', '', 0, '9538131300b6599', 0, '', 1, 1, 1, '2020-03-28 09:28:44', 1, '2020-03-28 09:28:44'),
(27, 'New Company Test', '9538131319', '', 1, 1, 41, '', 0, '', 0, '', 'test@test.com', 'city changed', '', '', 0, '9538131319a0f2f', 0, '', 1, 1, 1, '2020-03-28 09:28:47', 1, '2020-03-28 09:28:47'),
(28, 'Red ant media', '9841696555', '', 1, 1, 42, '', 0, '', 0, '', 'manu@redantmedia.co.in', 'Kotturpuram', '', '', 0, '98416965556d681', 0, '', 1, 1, 1, '2020-03-28 10:28:25', 1, '2020-03-28 10:28:25'),
(29, 'Test', '8220990313', '', 1, 1, 43, '', 0, '', 0, '', 'test@gmail.com', 'tiruchirappalli', '', '', 0, '822099031338baa', 0, '', 1, 1, 1, '2020-03-29 09:29:16', 1, '2020-03-29 09:29:16'),
(30, 'Bo', '1231231231', '123412341234', 2, 1, 14, 'test', 0, 'photo', 0, '', '', '', 'Chennai', '', 0, '47b11', 0, '', 1, 1, 1, '2020-03-29 19:14:19', 1, '2020-03-30 12:30:32'),
(31, 'volunteer', '2342342341', '123456789012', 4, 2, 14, 'test', 0, 'birthmark', 0, '', '', '', 'chennai', '', 0, '36f5f', 0, '', 1, 1, 1, '2020-03-30 12:30:42', 1, '2020-03-30 12:30:42'),
(34, 'Product ', '4354354351', '123456789123', 2, 1, 14, 'test', 0, 'birthmark', 0, '', '', '', 'city', '', 0, '5bf70', 0, '', 1, 1, 1, '2020-03-30 12:30:55', 1, '2020-03-30 12:30:55'),
(35, 'seenu', '', '12232321522', 2, 0, 0, '', 0, 'photo', 0, '', '', '', 'trichy', '', 0, '', 0, '', 1, 1, 1, '2020-03-30 10:30:08', 1, '2020-03-30 10:30:08'),
(36, 'Name', '1111111111', '123412341234', 3, 3, 0, '', 0, 'photo', 0, '', '', 'address', 'city', '', 563102, '111111111119009', 0, '', 1, 1, 1, '2020-03-30 10:30:36', 1, '2020-03-30 10:30:36'),
(37, 'Pandiyan', '9790237667', '1100445577', 2, 1, 1, 'Test', 0, 'photo', 0, '', '', 'D block, door no 1(5, 6th West Cross Street,', 'CHENNAI', '', 600102, 'e0c67', 0, '', 1, 1, 1, '2020-03-30 11:30:02', 1, '2020-03-30 11:30:02'),
(38, 'Pandiyan', '9944536282', '6655333454', 2, 1, 1, 'Test', 0, '', 0, '', '', 'D block, door no 1(5, 6th West Cross Street,', 'CHENNAI', '', 600102, 'd38a8', 0, '', 1, 1, 1, '2020-03-30 01:30:47', 1, '2020-03-30 01:30:47'),
(39, 'pandiyan', '9944536282', '8877665544', 2, 1, 1, 'Test', 0, '', 0, '', '', 'Chennai', 'Chennai', '', 600001, 'd38a8', 0, '', 1, 1, 1, '2020-03-30 01:30:48', 1, '2020-03-30 01:30:48'),
(40, 'test', '1234567890', '123412341234', 5, 4, 0, '', 0, '', 0, '', '', 'apartment', 'chennai', '', 600001, '1234567890f476d', 0, '', 1, 1, 1, '2020-03-30 07:30:36', 1, '2020-03-30 07:30:36'),
(41, 'test', '1234567890', '123412341234', 5, 4, 0, '', 0, '', 0, '', '', 'apartment', 'chennai', '', 600001, '123456789055f76', 0, '', 1, 1, 1, '2020-03-30 07:30:37', 1, '2020-03-30 07:30:37'),
(42, 'test', '1234567890', '123412341234', 5, 4, 0, '', 0, '', 0, '', '', 'apartment', 'chennai', '', 600001, '1234567890a8e62', 0, '', 1, 1, 1, '2020-03-30 07:30:42', 1, '2020-03-30 07:30:42'),
(43, 'Pandiyan', '8899889988', '6677556677', 3, 3, 0, '', 0, '', 0, '', '', 'D block, door no 1(5, 6th West Cross Street,', 'CHENNAI', '', 600102, '8899889988e8855', 0, '', 1, 1, 1, '2020-03-30 08:30:27', 1, '2020-03-30 08:30:27');

-- --------------------------------------------------------

--
-- Table structure for table `user_categories`
--

CREATE TABLE `user_categories` (
  `id` int(10) NOT NULL,
  `name` varchar(25) NOT NULL,
  `description` varchar(255) NOT NULL,
  `color_code` varchar(25) NOT NULL,
  `status` tinyint(1) NOT NULL,
  `is_active` tinyint(1) NOT NULL,
  `cby` int(10) NOT NULL,
  `cdate` timestamp NOT NULL DEFAULT CURRENT_TIMESTAMP ON UPDATE CURRENT_TIMESTAMP,
  `mby` int(10) NOT NULL,
  `mdate` timestamp NOT NULL DEFAULT '0000-00-00 00:00:00'
) ENGINE=MyISAM DEFAULT CHARSET=latin1;

--
-- Dumping data for table `user_categories`
--

INSERT INTO `user_categories` (`id`, `name`, `description`, `color_code`, `status`, `is_active`, `cby`, `cdate`, `mby`, `mdate`) VALUES
(1, 'Green TAG', 'Green TAG', '#89D468', 1, 1, 1, '2020-03-27 13:09:33', 1, '0000-00-00 00:00:00'),
(2, 'Yellow TAG', 'Yellow TAG', '#F2CA28', 1, 1, 1, '2020-03-27 13:09:58', 1, '0000-00-00 00:00:00'),
(3, 'Pink TAG', 'Pink TAG', '#EF97E0', 1, 1, 1, '2020-03-27 13:10:14', 1, '0000-00-00 00:00:00'),
(4, 'Red TAG', 'Red TAG', '#F26D5E', 1, 1, 1, '2020-03-27 13:09:15', 1, '0000-00-00 00:00:00');

-- --------------------------------------------------------

--
-- Table structure for table `user_type`
--

CREATE TABLE `user_type` (
  `id` int(10) NOT NULL,
  `name` varchar(25) NOT NULL,
  `description` varchar(255) NOT NULL,
  `display_img` varchar(255) NOT NULL,
  `user_category_id` int(10) NOT NULL,
  `status` tinyint(1) NOT NULL,
  `is_active` tinyint(1) NOT NULL,
  `cby` int(10) NOT NULL,
  `cdate` timestamp NOT NULL DEFAULT CURRENT_TIMESTAMP ON UPDATE CURRENT_TIMESTAMP,
  `mby` int(10) NOT NULL,
  `mdate` timestamp NOT NULL DEFAULT '0000-00-00 00:00:00'
) ENGINE=MyISAM DEFAULT CHARSET=latin1;

--
-- Dumping data for table `user_type`
--

INSERT INTO `user_type` (`id`, `name`, `description`, `display_img`, `user_category_id`, `status`, `is_active`, `cby`, `cdate`, `mby`, `mdate`) VALUES
(1, 'Approver', 'Approver', 'approver.png', 0, 1, 1, 1, '2020-03-28 04:52:00', 1, '0000-00-00 00:00:00'),
(2, 'Requester', 'Requester', 'requester.png', 0, 1, 1, 1, '2020-03-28 04:52:09', 1, '0000-00-00 00:00:00'),
(3, 'General Citizen', 'General Citizen', 'general_citizen.png', 0, 1, 1, 1, '2020-03-28 04:52:19', 1, '0000-00-00 00:00:00'),
(4, 'Volunteer', 'Volunteer', 'volunteers.png', 0, 1, 1, 1, '2020-03-28 04:52:28', 1, '0000-00-00 00:00:00'),
(5, 'Verifiers', 'Verifiers', '', 0, 1, 1, 1, '2020-03-27 05:57:14', 1, '0000-00-00 00:00:00');

--
-- Indexes for dumped tables
--

--
-- Indexes for table `approver_details`
--
ALTER TABLE `approver_details`
  ADD PRIMARY KEY (`id`);

--
-- Indexes for table `approver_pass_details`
--
ALTER TABLE `approver_pass_details`
  ADD PRIMARY KEY (`id`);

--
-- Indexes for table `pass_entries`
--
ALTER TABLE `pass_entries`
  ADD PRIMARY KEY (`id`);

--
-- Indexes for table `services`
--
ALTER TABLE `services`
  ADD PRIMARY KEY (`id`);

--
-- Indexes for table `sms_log`
--
ALTER TABLE `sms_log`
  ADD PRIMARY KEY (`id`);

--
-- Indexes for table `users`
--
ALTER TABLE `users`
  ADD PRIMARY KEY (`id`);

--
-- Indexes for table `user_categories`
--
ALTER TABLE `user_categories`
  ADD PRIMARY KEY (`id`);

--
-- Indexes for table `user_type`
--
ALTER TABLE `user_type`
  ADD PRIMARY KEY (`id`);

--
-- AUTO_INCREMENT for dumped tables
--

--
-- AUTO_INCREMENT for table `approver_details`
--
ALTER TABLE `approver_details`
  MODIFY `id` int(11) NOT NULL AUTO_INCREMENT, AUTO_INCREMENT=44;

--
-- AUTO_INCREMENT for table `approver_pass_details`
--
ALTER TABLE `approver_pass_details`
  MODIFY `id` int(10) NOT NULL AUTO_INCREMENT, AUTO_INCREMENT=171;

--
-- AUTO_INCREMENT for table `pass_entries`
--
ALTER TABLE `pass_entries`
  MODIFY `id` int(10) NOT NULL AUTO_INCREMENT, AUTO_INCREMENT=14;

--
-- AUTO_INCREMENT for table `services`
--
ALTER TABLE `services`
  MODIFY `id` int(10) NOT NULL AUTO_INCREMENT, AUTO_INCREMENT=10;

--
-- AUTO_INCREMENT for table `sms_log`
--
ALTER TABLE `sms_log`
  MODIFY `id` int(10) NOT NULL AUTO_INCREMENT, AUTO_INCREMENT=244;

--
-- AUTO_INCREMENT for table `users`
--
ALTER TABLE `users`
  MODIFY `id` int(11) NOT NULL AUTO_INCREMENT, AUTO_INCREMENT=44;

--
-- AUTO_INCREMENT for table `user_categories`
--
ALTER TABLE `user_categories`
  MODIFY `id` int(10) NOT NULL AUTO_INCREMENT, AUTO_INCREMENT=5;

--
-- AUTO_INCREMENT for table `user_type`
--
ALTER TABLE `user_type`
  MODIFY `id` int(10) NOT NULL AUTO_INCREMENT, AUTO_INCREMENT=6;
COMMIT;

/*!40101 SET CHARACTER_SET_CLIENT=@OLD_CHARACTER_SET_CLIENT */;
/*!40101 SET CHARACTER_SET_RESULTS=@OLD_CHARACTER_SET_RESULTS */;
/*!40101 SET COLLATION_CONNECTION=@OLD_COLLATION_CONNECTION */;
